{
  "id": 13947152.825805664,
  "item_id": 11424201.944412231,
  "dept_id": 454597.08142089844,
  "cat_id": 93418.10720825195,
  "store_id": 1077288.9369506836,
  "state_id": 66422.6195678711,
  "weekday": 2738776.5411987305,
  "month": 1206511.1821746826,
  "event_name_1": 2917743.0894317627,
  "event_type_1": 11825.950134277344,
  "year": 1191069.2891235352,
  "event_name_2": 0.0,
  "event_type_2": 0.0,
  "snap_CA": 242471.69763183594,
  "snap_TX": 306697.46560668945,
  "snap_WI": 494435.35021972656,
  "days_from_start": 3071712.223602295,
  "start_date_from_start": 89446.61642456055,
  "sell_price": 1746499.8686218262,
  "ADI": 4474701.691604614,
  "CV2": 42625.515396118164,
  "demand_type": 73097.9234008789,
  "avg_weekday_demand": 314037842.1191559,
  "avg_demand": 15483002.402313232,
  "max_demand": 1691379.013015747,
  "quantile025_week": 817761.5624847412,
  "max_weekday_demand": 1152171.4906463623,
  "avg_price": 302626.09646606445,
  "cheaper_than_usual": 538437.2286071777,
  "lag_28": 3846590.3034057617,
  "lag_29": 417744.32946777344,
  "lag_35": 871553.3811950684,
  "rmean_28_7": 101663058.99369812,
  "rmean_28_28": 418396415.9266968
}