{
  "id": 16910222.967651367,
  "item_id": 9247575.338867188,
  "dept_id": 369848.671875,
  "cat_id": 68420.599609375,
  "store_id": 992993.4518432617,
  "state_id": 46126.09973144531,
  "weekday": 3494627.3193359375,
  "month": 919482.3810424805,
  "event_name_1": 3634868.799682617,
  "event_type_1": 7095.1700439453125,
  "year": 615281.7497558594,
  "event_name_2": 0.0,
  "event_type_2": 0.0,
  "snap_CA": 247346.02954101562,
  "snap_TX": 374911.04919433594,
  "snap_WI": 611381.3869628906,
  "days_from_start": 3060483.1978149414,
  "start_date_from_start": 55012.380126953125,
  "sell_price": 1229752.929321289,
  "ADI": 5840307.25402832,
  "CV2": 27811.7705078125,
  "demand_type": 59838.9599609375,
  "avg_weekday_demand": 433282328.3096924,
  "avg_demand": 20356013.50732422,
  "max_demand": 964239.8695068359,
  "quantile025_week": 1268627.109375,
  "max_weekday_demand": 1256883.732421875,
  "avg_price": 145377.8311767578,
  "cheaper_than_usual": 702690.8781738281,
  "lag_28": 8609607.063964844,
  "lag_29": 533873.8205566406,
  "lag_35": 1105269.791381836,
  "rmean_28_7": 130202317.78295898,
  "rmean_28_28": 545412626.057373
}