{
  "id": 4256879.66003418,
  "item_id": 10524085.797241211,
  "dept_id": 228626.77172851562,
  "cat_id": 91837.31091308594,
  "store_id": 588692.6524658203,
  "state_id": 18630.459838867188,
  "weekday": 1464127.8195800781,
  "month": 495876.1677246094,
  "event_name_1": 3639516.97076416,
  "event_type_1": 8599.480224609375,
  "year": 132704.9364013672,
  "event_name_2": 0.0,
  "event_type_2": 0.0,
  "snap_CA": 126999.63073730469,
  "snap_TX": 205791.10009765625,
  "snap_WI": 223285.6102294922,
  "days_from_start": 1313725.708618164,
  "start_date_from_start": 97707.57934570312,
  "sell_price": 155798.7208251953,
  "ADI": 5208292.211181641,
  "CV2": 0.0,
  "demand_type": 0.0,
  "avg_weekday_demand": 307666448.3453369,
  "avg_demand": 19082037.010986328,
  "max_demand": 2248.72998046875,
  "quantile025_week": 253486.44311523438,
  "max_weekday_demand": 671325.6911621094,
  "avg_price": 120453.75085449219,
  "cheaper_than_usual": 282261.77087402344,
  "lag_28": 2122380.0157470703,
  "lag_29": 389072.2607421875,
  "lag_35": 587573.5902099609,
  "rmean_28_7": 20036725.045532227,
  "rmean_28_28": 288969471.2558594
}