{
  "id": 48558478.11262512,
  "item_id": 6300017.028579712,
  "dept_id": 220023.7391204834,
  "cat_id": 71090.80187988281,
  "store_id": 547666.5530395508,
  "state_id": 45826.653900146484,
  "weekday": 1373554.9647521973,
  "month": 642767.2495117188,
  "event_name_1": 1497767.8111724854,
  "event_type_1": 0.0,
  "year": 1140417.2915649414,
  "event_name_2": 201.31500244140625,
  "event_type_2": 0.0,
  "snap_CA": 117602.8422241211,
  "snap_TX": 162607.0391998291,
  "snap_WI": 241343.63638305664,
  "days_from_start": 1810101.2672729492,
  "start_date_from_start": 35982.740158081055,
  "sell_price": 1968634.7738342285,
  "ADI": 2715389.3437805176,
  "CV2": 24201.588928222656,
  "demand_type": 48304.31199645996,
  "avg_weekday_demand": 128851285.59103394,
  "avg_demand": 5013677.8396606445,
  "max_demand": 8923773.972106934,
  "quantile025_week": 477062.5309448242,
  "max_weekday_demand": 628209.7259674072,
  "avg_price": 167455.24404907227,
  "cheaper_than_usual": 710733.2188415527,
  "lag_28": 1764611.9329528809,
  "lag_29": 114385.79263305664,
  "lag_35": 261242.9412536621,
  "rmean_28_7": 93516648.75517273,
  "rmean_28_28": 170542152.8396759
}