{
  "id": 1881337.439453125,
  "item_id": 4627690.215698242,
  "dept_id": 122978.88037109375,
  "cat_id": 29826.079711914062,
  "store_id": 231340.99951171875,
  "state_id": 24904.86962890625,
  "weekday": 742996.8791503906,
  "month": 269974.6885986328,
  "event_name_1": 1828291.837524414,
  "event_type_1": 5433.02001953125,
  "year": 43385.19921875,
  "event_name_2": 0.0,
  "event_type_2": 0.0,
  "snap_CA": 62779.68981933594,
  "snap_TX": 104057.51000976562,
  "snap_WI": 109163.16076660156,
  "days_from_start": 601989.1822509766,
  "start_date_from_start": 33369.090087890625,
  "sell_price": 80569.1396484375,
  "ADI": 3768493.4594726562,
  "CV2": 0.0,
  "demand_type": 0.0,
  "avg_weekday_demand": 131416153.6184082,
  "avg_demand": 7892866.283691406,
  "max_demand": 29752.2802734375,
  "quantile025_week": 145620.69384765625,
  "max_weekday_demand": 314175.0,
  "avg_price": 26321.550048828125,
  "cheaper_than_usual": 162267.84033203125,
  "lag_28": 1062642.8110351562,
  "lag_29": 139293.98974609375,
  "lag_35": 228661.49951171875,
  "rmean_28_7": 12358760.979492188,
  "rmean_28_28": 173256228.96289062
}