{
  "id": 9080410.031692505,
  "item_id": 5330376.908950806,
  "dept_id": 170313.44387817383,
  "cat_id": 43842.81311035156,
  "store_id": 445644.38360595703,
  "state_id": 46208.03096008301,
  "weekday": 1227646.902206421,
  "month": 533847.7462463379,
  "event_name_1": 1307289.4507598877,
  "event_type_1": 3766.9940795898438,
  "year": 733817.9344177246,
  "event_name_2": 0.0,
  "event_type_2": 0.0,
  "snap_CA": 100267.01135253906,
  "snap_TX": 140969.32781982422,
  "snap_WI": 236286.013671875,
  "days_from_start": 1402367.2308807373,
  "start_date_from_start": 34541.413162231445,
  "sell_price": 1145972.9304656982,
  "ADI": 1785049.4000396729,
  "CV2": 36313.4891204834,
  "demand_type": 35565.98709106445,
  "avg_weekday_demand": 129522145.20024109,
  "avg_demand": 5634625.577178955,
  "max_demand": 7355127.446411133,
  "quantile025_week": 387757.7928466797,
  "max_weekday_demand": 668202.8762359619,
  "avg_price": 119405.14404296875,
  "cheaper_than_usual": 385427.298538208,
  "lag_28": 1643521.803604126,
  "lag_29": 155665.75645446777,
  "lag_35": 284229.3915710449,
  "rmean_28_7": 64038006.02723694,
  "rmean_28_28": 173353450.44688416
}