{
  "id": 1308005.196105957,
  "item_id": 3065425.717224121,
  "dept_id": 71142.82971191406,
  "cat_id": 27297.599731445312,
  "store_id": 149400.03076171875,
  "state_id": 17608.020263671875,
  "weekday": 505428.10192871094,
  "month": 169698.8462524414,
  "event_name_1": 1221654.9190063477,
  "event_type_1": 5495.75,
  "year": 32464.75,
  "event_name_2": 0.0,
  "event_type_2": 0.0,
  "snap_CA": 40233.3994140625,
  "snap_TX": 68150.93981933594,
  "snap_WI": 79317.63946533203,
  "days_from_start": 443299.91064453125,
  "start_date_from_start": 21459.529663085938,
  "sell_price": 31748.699951171875,
  "ADI": 2503666.345703125,
  "CV2": 3725.679931640625,
  "demand_type": 0.0,
  "avg_weekday_demand": 97986250.87683105,
  "avg_demand": 5260952.822143555,
  "max_demand": 0.0,
  "quantile025_week": 86099.91064453125,
  "max_weekday_demand": 233164.97540283203,
  "avg_price": 51529.130126953125,
  "cheaper_than_usual": 103018.900390625,
  "lag_28": 704208.2001953125,
  "lag_29": 67719.34008789062,
  "lag_35": 167285.3095703125,
  "rmean_28_7": 7210575.147338867,
  "rmean_28_28": 106147764.90307617
}