{
  "id": 2228671.4340820312,
  "item_id": 5947694.253173828,
  "dept_id": 175589.28063964844,
  "cat_id": 44398.8798828125,
  "store_id": 285577.529296875,
  "state_id": 37798.150146484375,
  "weekday": 1001768.6197509766,
  "month": 376564.81298828125,
  "event_name_1": 2449117.5563964844,
  "event_type_1": 6659.81005859375,
  "year": 163277.8299560547,
  "event_name_2": 0.0,
  "event_type_2": 0.0,
  "snap_CA": 82471.06958007812,
  "snap_TX": 132676.2381591797,
  "snap_WI": 142475.94018554688,
  "days_from_start": 752151.8227539062,
  "start_date_from_start": 38095.240234375,
  "sell_price": 99217.62036132812,
  "ADI": 4918586.400146484,
  "CV2": 0.0,
  "demand_type": 0.0,
  "avg_weekday_demand": 195753851.60412598,
  "avg_demand": 10807752.749267578,
  "max_demand": 7442.60009765625,
  "quantile025_week": 179827.06909179688,
  "max_weekday_demand": 498734.751953125,
  "avg_price": 74473.66027832031,
  "cheaper_than_usual": 231388.12182617188,
  "lag_28": 1545627.8151855469,
  "lag_29": 172114.197265625,
  "lag_35": 426212.4694824219,
  "rmean_28_7": 16203830.874023438,
  "rmean_28_28": 210632433.4711914
}