{
  "id": 39020145.18296814,
  "item_id": 8928561.511535645,
  "dept_id": 355583.77629089355,
  "cat_id": 98419.52471923828,
  "store_id": 722699.5037384033,
  "state_id": 79321.31469726562,
  "weekday": 1853093.6024475098,
  "month": 901867.4591369629,
  "event_name_1": 1995609.518585205,
  "event_type_1": 6003.173828125,
  "year": 648507.8339233398,
  "event_name_2": 181.66000366210938,
  "event_type_2": 165.13499450683594,
  "snap_CA": 161451.60833740234,
  "snap_TX": 217728.2364501953,
  "snap_WI": 319743.9659729004,
  "days_from_start": 2402626.8794403076,
  "start_date_from_start": 55952.5690612793,
  "sell_price": 1869725.809753418,
  "ADI": 3829551.3516693115,
  "CV2": 26101.656158447266,
  "demand_type": 187130.57090759277,
  "avg_weekday_demand": 181522047.38381958,
  "avg_demand": 6484325.426147461,
  "max_demand": 1523543.556213379,
  "quantile025_week": 871960.4879608154,
  "max_weekday_demand": 611088.6818237305,
  "avg_price": 199072.1269683838,
  "cheaper_than_usual": 666558.425994873,
  "lag_28": 44697414.68765259,
  "lag_29": 147942.98568725586,
  "lag_35": 371639.1069793701,
  "rmean_28_7": 120271070.11016846,
  "rmean_28_28": 216851222.37800598
}