{
  "id": 11055637.261886597,
  "item_id": 7438528.928344727,
  "dept_id": 314577.54528808594,
  "cat_id": 60143.5168762207,
  "store_id": 669667.7018127441,
  "state_id": 75361.85952758789,
  "weekday": 1818205.8781433105,
  "month": 813290.6422119141,
  "event_name_1": 1963503.4987945557,
  "event_type_1": 5301.6700439453125,
  "year": 1122501.053894043,
  "event_name_2": 0.0,
  "event_type_2": 0.0,
  "snap_CA": 147803.33514404297,
  "snap_TX": 216645.11082458496,
  "snap_WI": 339058.46142578125,
  "days_from_start": 1964770.6042480469,
  "start_date_from_start": 56227.332946777344,
  "sell_price": 1908772.2061157227,
  "ADI": 2688736.615386963,
  "CV2": 22009.602172851562,
  "demand_type": 53463.94364929199,
  "avg_weekday_demand": 193769755.84729004,
  "avg_demand": 8486572.771606445,
  "max_demand": 14098916.64251709,
  "quantile025_week": 639018.908203125,
  "max_weekday_demand": 950808.5034942627,
  "avg_price": 174528.8497314453,
  "cheaper_than_usual": 497159.4240875244,
  "lag_28": 2383287.0364990234,
  "lag_29": 197690.33795166016,
  "lag_35": 405345.30560302734,
  "rmean_28_7": 95444941.78903198,
  "rmean_28_28": 259970717.24853516
}