{
  "id": 2960307.7010498047,
  "item_id": 7595431.024047852,
  "dept_id": 181552.42889404297,
  "cat_id": 29327.000366210938,
  "store_id": 371750.15618896484,
  "state_id": 31584.660034179688,
  "weekday": 1005354.2470703125,
  "month": 364549.55212402344,
  "event_name_1": 2451635.0186157227,
  "event_type_1": 7841.66015625,
  "year": 53732.52014160156,
  "event_name_2": 0.0,
  "event_type_2": 0.0,
  "snap_CA": 92951.46936035156,
  "snap_TX": 138451.52954101562,
  "snap_WI": 162159.88946533203,
  "days_from_start": 945488.9187011719,
  "start_date_from_start": 56115.48962402344,
  "sell_price": 99083.19958496094,
  "ADI": 4559748.177978516,
  "CV2": 3453.0,
  "demand_type": 0.0,
  "avg_weekday_demand": 181270284.35717773,
  "avg_demand": 12198320.933105469,
  "max_demand": 980.9619750976562,
  "quantile025_week": 212074.92248535156,
  "max_weekday_demand": 473337.5178222656,
  "avg_price": 33575.44958496094,
  "cheaper_than_usual": 231142.37927246094,
  "lag_28": 1358890.5391845703,
  "lag_29": 232810.73852539062,
  "lag_35": 459752.0242919922,
  "rmean_28_7": 13453278.736938477,
  "rmean_28_28": 221172119.52368164
}