{
  "id": 21970718.921325684,
  "item_id": 8891443.310058594,
  "dept_id": 382328.5411376953,
  "cat_id": 87655.2446899414,
  "store_id": 889669.9277954102,
  "state_id": 65228.282958984375,
  "weekday": 2408605.885345459,
  "month": 953844.5511474609,
  "event_name_1": 2562222.7299804688,
  "event_type_1": 11509.150024414062,
  "year": 610770.8926391602,
  "event_name_2": 0.0,
  "event_type_2": 0.0,
  "snap_CA": 192402.63674926758,
  "snap_TX": 275967.0775756836,
  "snap_WI": 428099.8029785156,
  "days_from_start": 2505101.5796203613,
  "start_date_from_start": 62274.309967041016,
  "sell_price": 1637075.8169555664,
  "ADI": 3667854.636657715,
  "CV2": 25038.88690185547,
  "demand_type": 71107.19006347656,
  "avg_weekday_demand": 263623530.9715271,
  "avg_demand": 11190152.81237793,
  "max_demand": 5812136.822265625,
  "quantile025_week": 796799.5394287109,
  "max_weekday_demand": 1129945.6221923828,
  "avg_price": 198743.73901367188,
  "cheaper_than_usual": 653544.3106079102,
  "lag_28": 12622677.146148682,
  "lag_29": 242577.3433227539,
  "lag_35": 553840.6185913086,
  "rmean_28_7": 121496120.72937012,
  "rmean_28_28": 343884162.164978
}