{
  "id": 2691202.919555664,
  "item_id": 6402927.101074219,
  "dept_id": 148441.93060302734,
  "cat_id": 50531.42004394531,
  "store_id": 294480.1893310547,
  "state_id": 23069.530029296875,
  "weekday": 968789.7171630859,
  "month": 282073.49938964844,
  "event_name_1": 2364419.5091552734,
  "event_type_1": 10852.06005859375,
  "year": 33950.500244140625,
  "event_name_2": 0.0,
  "event_type_2": 0.0,
  "snap_CA": 84294.83947753906,
  "snap_TX": 130787.04040527344,
  "snap_WI": 142018.2305908203,
  "days_from_start": 796590.7796630859,
  "start_date_from_start": 36449.96008300781,
  "sell_price": 60512.790283203125,
  "ADI": 3433255.2556152344,
  "CV2": 2706.830078125,
  "demand_type": 0.0,
  "avg_weekday_demand": 206194530.61132812,
  "avg_demand": 12601776.739135742,
  "max_demand": 3123.280029296875,
  "quantile025_week": 136275.83166503906,
  "max_weekday_demand": 432973.4187011719,
  "avg_price": 39577.02941894531,
  "cheaper_than_usual": 208238.7933959961,
  "lag_28": 1254396.4577636719,
  "lag_29": 221475.37084960938,
  "lag_35": 430818.02294921875,
  "rmean_28_7": 13323227.115234375,
  "rmean_28_28": 191668953.7821045
}