{
  "id": 2928315.5009765625,
  "item_id": 8415070.605834961,
  "dept_id": 179274.00134277344,
  "cat_id": 105514.21997070312,
  "store_id": 424022.40661621094,
  "state_id": 30962.830322265625,
  "weekday": 1374160.4259033203,
  "month": 478492.8918457031,
  "event_name_1": 3137963.305908203,
  "event_type_1": 55081.5087890625,
  "year": 97109.66064453125,
  "event_name_2": 0.0,
  "event_type_2": 0.0,
  "snap_CA": 107389.61047363281,
  "snap_TX": 176400.8603515625,
  "snap_WI": 203359.72998046875,
  "days_from_start": 1089760.8088378906,
  "start_date_from_start": 46323.900390625,
  "sell_price": 137797.890625,
  "ADI": 6006427.909912109,
  "CV2": 0.0,
  "demand_type": 0.0,
  "avg_weekday_demand": 263199143.34594727,
  "avg_demand": 16474424.354492188,
  "max_demand": 11839.1494140625,
  "quantile025_week": 167871.142578125,
  "max_weekday_demand": 590528.3981933594,
  "avg_price": 101076.55981445312,
  "cheaper_than_usual": 275559.7674560547,
  "lag_28": 1967787.2468261719,
  "lag_29": 346678.6396484375,
  "lag_35": 662470.158203125,
  "rmean_28_7": 18104038.380493164,
  "rmean_28_28": 272968694.1599121
}