{
  "id": 1919676.6451416016,
  "item_id": 4736647.0646362305,
  "dept_id": 110971.330078125,
  "cat_id": 38683.93994140625,
  "store_id": 219191.3402709961,
  "state_id": 16148.327087402344,
  "weekday": 676573.6158447266,
  "month": 216414.83935546875,
  "event_name_1": 1635697.6314697266,
  "event_type_1": 0.0,
  "year": 49791.95251464844,
  "event_name_2": 0.0,
  "event_type_2": 0.0,
  "snap_CA": 58379.76953125,
  "snap_TX": 90355.43090820312,
  "snap_WI": 107544.0595703125,
  "days_from_start": 558852.4416503906,
  "start_date_from_start": 30515.949951171875,
  "sell_price": 55305.379638671875,
  "ADI": 3040445.506286621,
  "CV2": 2812.159912109375,
  "demand_type": 0.0,
  "avg_weekday_demand": 119937370.46392822,
  "avg_demand": 8176119.740600586,
  "max_demand": 3721.18994140625,
  "quantile025_week": 147959.46551513672,
  "max_weekday_demand": 280329.67572021484,
  "avg_price": 48701.78015136719,
  "cheaper_than_usual": 147080.0400390625,
  "lag_28": 1087358.3269042969,
  "lag_29": 130369.69830322266,
  "lag_35": 271569.74938964844,
  "rmean_28_7": 8598312.515258789,
  "rmean_28_28": 148413156.788208
}