{
  "id": 4998879.85546875,
  "item_id": 13941228.596557617,
  "dept_id": 295300.16955566406,
  "cat_id": 95065.43994140625,
  "store_id": 720209.9205322266,
  "state_id": 28982.690185546875,
  "weekday": 1913359.659790039,
  "month": 643555.7406005859,
  "event_name_1": 4808560.742797852,
  "event_type_1": 9508.409912109375,
  "year": 163844.53002929688,
  "event_name_2": 0.0,
  "event_type_2": 0.0,
  "snap_CA": 164472.50024414062,
  "snap_TX": 275758.41076660156,
  "snap_WI": 306204.1579589844,
  "days_from_start": 1728808.0106201172,
  "start_date_from_start": 76192.08935546875,
  "sell_price": 74994.26049804688,
  "ADI": 7246493.5615234375,
  "CV2": 3564.239990234375,
  "demand_type": 0.0,
  "avg_weekday_demand": 409654451.3062744,
  "avg_demand": 25510835.661987305,
  "max_demand": 15221.25048828125,
  "quantile025_week": 369949.5422363281,
  "max_weekday_demand": 994890.5974121094,
  "avg_price": 62316.840576171875,
  "cheaper_than_usual": 445192.7021484375,
  "lag_28": 2672307.117919922,
  "lag_29": 522113.4990234375,
  "lag_35": 882755.4216308594,
  "rmean_28_7": 26666656.404907227,
  "rmean_28_28": 385464544.8133545
}