{
  "id": 9376796.115402222,
  "item_id": 7075242.436538696,
  "dept_id": 271102.36026000977,
  "cat_id": 68037.93612670898,
  "store_id": 666645.2766113281,
  "state_id": 28834.005096435547,
  "weekday": 1860021.7287902832,
  "month": 696663.9158325195,
  "event_name_1": 1937616.6633300781,
  "event_type_1": 6420.222015380859,
  "year": 752340.6600341797,
  "event_name_2": 0.0,
  "event_type_2": 0.0,
  "snap_CA": 151320.25830078125,
  "snap_TX": 209173.02368164062,
  "snap_WI": 322686.29808044434,
  "days_from_start": 1864623.8601837158,
  "start_date_from_start": 51132.48222351074,
  "sell_price": 1045402.4355316162,
  "ADI": 2956717.778076172,
  "CV2": 30232.46694946289,
  "demand_type": 42045.624908447266,
  "avg_weekday_demand": 202207256.4185028,
  "avg_demand": 10235253.306152344,
  "max_demand": 1029369.0905456543,
  "quantile025_week": 569852.4703521729,
  "max_weekday_demand": 712719.1819152832,
  "avg_price": 143299.30322265625,
  "cheaper_than_usual": 362654.30294799805,
  "lag_28": 2310699.0691223145,
  "lag_29": 260642.91012573242,
  "lag_35": 525699.3641357422,
  "rmean_28_7": 68056751.04322815,
  "rmean_28_28": 286094429.87893677
}