{
  "id": 30095169.191207886,
  "item_id": 3620796.5052337646,
  "dept_id": 122457.18789672852,
  "cat_id": 30643.518920898438,
  "store_id": 336279.7735595703,
  "state_id": 33797.11114501953,
  "weekday": 901290.9547729492,
  "month": 367827.52082824707,
  "event_name_1": 989881.6542663574,
  "event_type_1": 906.7750244140625,
  "year": 715229.3877410889,
  "event_name_2": 0.0,
  "event_type_2": 0.0,
  "snap_CA": 76084.5880279541,
  "snap_TX": 107906.9362487793,
  "snap_WI": 161930.79296875,
  "days_from_start": 1002103.4165496826,
  "start_date_from_start": 30585.546752929688,
  "sell_price": 1253347.6535186768,
  "ADI": 1798213.0228424072,
  "CV2": 10821.411102294922,
  "demand_type": 30233.699279785156,
  "avg_weekday_demand": 87145279.80270386,
  "avg_demand": 3389559.6080932617,
  "max_demand": 5279648.485137939,
  "quantile025_week": 346985.6565246582,
  "max_weekday_demand": 405880.658782959,
  "avg_price": 87881.35806274414,
  "cheaper_than_usual": 416487.53062438965,
  "lag_28": 1237385.541809082,
  "lag_29": 85517.60639953613,
  "lag_35": 180750.83668518066,
  "rmean_28_7": 62711677.593688965,
  "rmean_28_28": 113458022.14585876
}